filename,listing_id,title,location,type,price,sqm,year,plot_sqm,courtyard,renov_low,renov_high,turnkey_low,turnkey_high,html_report,spitogatos_url,lat,lon,processed_at,renov_diy,turnkey_diy,risk_score,risk_level,risk_reasons,deal_score,deal_grade,deal_desc,deal_color
"Πώληση, Διαμέρισμα, 115τ.μ. Κορυδαλλός, Άνω Κορυδαλλός | 17245573 | Spitogatos.webarchive",1117245573,"Πώληση, Διαμέρισμα, 115τ.μ. Κορυδαλλός, Άνω Κορυδαλλός | 17245573",115τ.μ. Κορυδαλλός,Διαμέρισμα,360000,115,2025,115,,5500,10000,394300,398800,property-1117245573.html,https://www.spitogatos.gr/aggelia/1117245573,37.9913,23.6456,2026-10-05 16:55:00,3000,391800,1.0,Εξαιρετικά Χαμηλό Ρίσκο,"[""Νεόδμητο / Υπό ανέγερση (2024-2027): Μηδενικό στατικό ρίσκο & εγγύηση κατασκευαστή."", ""Έτοιμο προς παράδοση / Turnkey: Μηδενική πιθανότητα κρυφών οικοδομικών αστοχιών.""]",60.0,B,Ισορροπημένη Επιλογή &bull; Κανονική Σχέση Ρίσκου/Κόστους,#d97706
"Πώληση, Διαμέρισμα, 160τ.μ. Καμίνια – Παλαιά Κοκκινιά, Παλαιά Κοκκινιά | 17601164 | Spitogatos.webarchive",1117601164,"Πώληση, Διαμέρισμα, 160τ.μ. Καμίνια – Παλαιά Κοκκινιά, Παλαιά Κοκκινιά | 17601164",160τ.μ. Καμίνια – Παλαιά Κοκκινιά,Διαμέρισμα,155000,160,1960,160,,83900,132680,251300,300080,property-1117601164.html,https://www.spitogatos.gr/aggelia/1117601164,37.955,23.6552,2026-10-05 16:55:00,61700,229100,6.0,Μέτριο προς Αυξημένο Ρίσκο,"[""Κατασκευή παλαιότερης εποχής (1960): Ανάγκη ριζικής ανακαίνισης υδραυλικών/ηλεκτρολογικών."", ""Εκτεταμένες καθαιρέσεις: Πιθανότητα απρόβλεπτων σαθρών υποστρωμάτων & πρόσθετου κόστους.""]",70.9,B,Ισορροπημένη Επιλογή &bull; Κανονική Σχέση Ρίσκου/Κόστους,#d97706
"Πώληση, Διαμέρισμα, 160τ.μ. Κερατσίνι, Κάτω Αμφιάλη | 20913539 | Spitogatos.webarchive",1120913539,"Πώληση, Διαμέρισμα, 160τ.μ. Κερατσίνι, Κάτω Αμφιάλη | 20913539",160τ.μ. Κερατσίνι,Διαμέρισμα,260000,160,1983,160,,10580,18100,291380,298900,property-1120913539.html,https://www.spitogatos.gr/aggelia/1120913539,37.9586,23.6244,2026-10-05 16:55:00,6600,287400,2.0,Πολύ Χαμηλό Ρίσκο,"[""Πλήρως ανακαινισμένο / Move-in ready: Νέα δίκτυα και σύγχρονες επενδύσεις."", ""Περιορισμένο πεδίο εργασιών: Απαιτείται μόνο τεχνικός έλεγχος & συντήρηση.""]",86.0,A+,Super Deal &bull; Κορυφαία Σχέση Τιμής & Ασφάλειας,#047857
"Πώληση, Διαμέρισμα, 90τ.μ. Κορυδαλλός, Όριο Άγιας Βαρβάρας | 17965593 | Spitogatos.webarchive",1117965593,"Πώληση, Διαμέρισμα, 90τ.μ. Κορυδαλλός, Όριο Άγιας Βαρβάρας | 17965593",90τ.μ. Κορυδαλλός,Διαμέρισμα,206000,90,2004,90,,28060,46120,250540,268600,property-1117965593.html,https://www.spitogatos.gr/aggelia/1117965593,37.9903,23.6511,2026-10-05 16:55:00,19450,241930,3.0,Χαμηλό Ρίσκο,"[""Σύγχρονη κατασκευή (2004): Σύγχρονος αντισεισμικός κανονισμός & στιβαρός σκελετός."", ""Στοχευμένος εκσυγχρονισμός: Καμία επέμβαση στατικά, μόνο ενεργειακή αναβάθμιση.""]",63.0,B,Ισορροπημένη Επιλογή &bull; Κανονική Σχέση Ρίσκου/Κόστους,#d97706
"Πώληση, Διαμέρισμα, 92τ.μ. Νίκαια, Νεάπολη | 20162668 | Spitogatos.webarchive",1120162668,"Πώληση, Διαμέρισμα, 92τ.μ. Νίκαια, Νεάπολη | 20162668",92τ.μ. Νίκαια,Διαμέρισμα,250000,92,2005,92,,28468,46796,298468,316796,property-1120162668.html,https://www.spitogatos.gr/aggelia/1120162668,37.9698,23.6378,2026-10-05 16:55:00,19720,289720,3.0,Χαμηλό Ρίσκο,"[""Σύγχρονη κατασκευή (2005): Σύγχρονος αντισεισμικός κανονισμός & στιβαρός σκελετός."", ""Στοχευμένος εκσυγχρονισμός: Καμία επέμβαση στατικά, μόνο ενεργειακή αναβάθμιση.""]",53.9,C,"Αυξημένο Ρίσκο &bull; Φθηνό φαινομενικά, απαιτεί προσοχή",#ea580c
"Πώληση, Μεζονέτα, 117τ.μ. Κερατσίνι, Ευγένεια | 19492516 | Spitogatos.webarchive",1119492516,"Πώληση, Μεζονέτα, 117τ.μ. Κερατσίνι, Ευγένεια | 19492516",117τ.μ. Κερατσίνι,Μεζονέτα,245000,117,2006,117,,33568,55246,298168,319846,property-1119492516.html,https://www.spitogatos.gr/aggelia/1119492516,37.9564,23.6175,2026-10-05 16:55:00,23095,287695,3.0,Χαμηλό Ρίσκο,"[""Σύγχρονη κατασκευή (2006): Σύγχρονος αντισεισμικός κανονισμός & στιβαρός σκελετός."", ""Στοχευμένος εκσυγχρονισμός: Καμία επέμβαση στατικά, μόνο ενεργειακή αναβάθμιση.""]",67.5,B,Ισορροπημένη Επιλογή &bull; Κανονική Σχέση Ρίσκου/Κόστους,#d97706
"Πώληση, Μεζονέτα, 117τ.μ. Νίκαια, Νεάπολη | 19785847 | Spitogatos.webarchive",1119785847,"Πώληση, Μεζονέτα, 117τ.μ. Νίκαια, Νεάπολη | 19785847",117τ.μ. Νίκαια,Μεζονέτα,375000,117,2027,117,,5500,10000,410500,415000,property-1119785847.html,https://www.spitogatos.gr/aggelia/1119785847,37.9752,23.6408,2026-10-05 16:55:00,3000,408000,1.0,Εξαιρετικά Χαμηλό Ρίσκο,"[""Νεόδμητο / Υπό ανέγερση (2024-2027): Μηδενικό στατικό ρίσκο & εγγύηση κατασκευαστή."", ""Έτοιμο προς παράδοση / Turnkey: Μηδενική πιθανότητα κρυφών οικοδομικών αστοχιών.""]",58.4,B,Ισορροπημένη Επιλογή &bull; Κανονική Σχέση Ρίσκου/Κόστους,#d97706
"Πώληση, Μεζονέτα, 118τ.μ. Δραπετσώνα, Άγιος Παντελεήμων | 18457264 | Spitogatos.webarchive",1118457264,"Πώληση, Μεζονέτα, 118τ.μ. Δραπετσώνα, Άγιος Παντελεήμων | 18457264",118τ.μ. Δραπετσώνα,Μεζονέτα,380000,118,1985,118,,5500,10000,415900,420400,property-1118457264.html,https://www.spitogatos.gr/aggelia/1118457264,37.9475,23.6216,2026-10-05 16:55:00,3000,413400,1.0,Εξαιρετικά Χαμηλό Ρίσκο,"[""Νεόδμητο / Υπό ανέγερση (2024-2027): Μηδενικό στατικό ρίσκο & εγγύηση κατασκευαστή."", ""Έτοιμο προς παράδοση / Turnkey: Μηδενική πιθανότητα κρυφών οικοδομικών αστοχιών.""]",58.1,B,Ισορροπημένη Επιλογή &bull; Κανονική Σχέση Ρίσκου/Κόστους,#d97706
"Πώληση, Μεζονέτα, 120τ.μ. Κορυδαλλός, Άνω Κορυδαλλός | 19650060 | Spitogatos.webarchive",1119650060,"Πώληση, Μεζονέτα, 120τ.μ. Κορυδαλλός, Άνω Κορυδαλλός | 19650060",120τ.μ. Κορυδαλλός,Μεζονέτα,410000,120,2026,120,,5500,10000,448300,452800,property-1119650060.html,https://www.spitogatos.gr/aggelia/1119650060,37.9904,23.648,2026-10-05 16:55:00,3000,445800,1.0,Εξαιρετικά Χαμηλό Ρίσκο,"[""Νεόδμητο / Υπό ανέγερση (2024-2027): Μηδενικό στατικό ρίσκο & εγγύηση κατασκευαστή."", ""Έτοιμο προς παράδοση / Turnkey: Μηδενική πιθανότητα κρυφών οικοδομικών αστοχιών.""]",54.0,C,"Αυξημένο Ρίσκο &bull; Φθηνό φαινομενικά, απαιτεί προσοχή",#ea580c
"Πώληση, Μεζονέτα, 125τ.μ. Προάστια Πειραιά, Νίκαια | 18245314 | Spitogatos.webarchive",1118245314,"Πώληση, Μεζονέτα, 125τ.μ. Προάστια Πειραιά, Νίκαια | 18245314",125τ.μ. Προάστια Πειραιά,Μεζονέτα,320000,125,2005,125,,35200,57950,380800,403550,property-1118245314.html,https://www.spitogatos.gr/aggelia/1118245314,37.9679,23.6418,2026-10-05 16:55:00,24175,369775,3.0,Χαμηλό Ρίσκο,"[""Σύγχρονη κατασκευή (2005): Σύγχρονος αντισεισμικός κανονισμός & στιβαρός σκελετός."", ""Στοχευμένος εκσυγχρονισμός: Καμία επέμβαση στατικά, μόνο ενεργειακή αναβάθμιση.""]",57.7,C,"Αυξημένο Ρίσκο &bull; Φθηνό φαινομενικά, απαιτεί προσοχή",#ea580c
"Πώληση, Μεζονέτα, 160τ.μ. Κηφισιά, Αδάμες (Οικισμός Πελοποννησίων) | 19878423 | Spitogatos.webarchive",1119878423,"Πώληση, Μεζονέτα, 160τ.μ. Κηφισιά, Αδάμες (Οικισμός Πελοποννησίων) | 19878423",160τ.μ. Κηφισιά,Μεζονέτα,350000,160,2009,160,,42340,69780,420340,447780,property-1119878423.html,https://www.spitogatos.gr/aggelia/1119878423,38.0847,23.789,2026-10-05 16:55:00,28900,406900,3.0,Χαμηλό Ρίσκο,"[""Σύγχρονη κατασκευή (2009): Σύγχρονος αντισεισμικός κανονισμός & στιβαρός σκελετός."", ""Στοχευμένος εκσυγχρονισμός: Καμία επέμβαση στατικά, μόνο ενεργειακή αναβάθμιση.""]",65.8,B,Ισορροπημένη Επιλογή &bull; Κανονική Σχέση Ρίσκου/Κόστους,#d97706
"Πώληση, Μεζονέτα, 252τ.μ. Κηφισιά, Αδάμες (Οικισμός Γράμμος - Φοίνικας) | 15865894 | Spitogatos.webarchive",1115865894,"Πώληση, Μεζονέτα, 252τ.μ. Κηφισιά, Αδάμες (Οικισμός Γράμμος - Φοίνικας) | 15865894",252τ.μ. Κηφισιά,Μεζονέτα,300000,252,2009,252,,61108,100876,385108,424876,property-1115865894.html,https://www.spitogatos.gr/aggelia/1115865894,38.0829,23.7938,2026-10-05 16:55:00,41320,365320,3.0,Χαμηλό Ρίσκο,"[""Σύγχρονη κατασκευή (2009): Σύγχρονος αντισεισμικός κανονισμός & στιβαρός σκελετός."", ""Στοχευμένος εκσυγχρονισμός: Καμία επέμβαση στατικά, μόνο ενεργειακή αναβάθμιση.""]",87.2,A+,Super Deal &bull; Κορυφαία Σχέση Τιμής & Ασφάλειας,#047857
"Πώληση, Μονοκατοικία, 120τ.μ. Κερατσίνι, Κάτω Αμφιάλη | 20778863 | Spitogatos.webarchive",1119897356,"Πώληση, Μεζονέτα, 134τ.μ. Κερατσίνι, Άγιος Γεώργιος | 19897356",120τ.μ. Κερατσίνι,Μονοκατοικία,110000,120,1976,120,,66300,104760,185100,223560,property-1119897356.html,https://www.spitogatos.gr/aggelia/1119897356,37.964,23.6274,2026-10-05 16:55:00,48900,167700,6.0,Μέτριο προς Αυξημένο Ρίσκο,"[""Κατασκευή παλαιότερης εποχής (1976): Ανάγκη ριζικής ανακαίνισης υδραυλικών/ηλεκτρολογικών."", ""Εκτεταμένες καθαιρέσεις: Πιθανότητα απρόβλεπτων σαθρών υποστρωμάτων & πρόσθετου κόστους.""]",71.6,B,Ισορροπημένη Επιλογή &bull; Κανονική Σχέση Ρίσκου/Κόστους,#d97706
"Πώληση, Μονοκατοικία, 134τ.μ. Κερατσίνι, Κάτω Αμφιάλη | 17657681 | Spitogatos.webarchive",1117657681,"Πώληση, Μονοκατοικία, 134τ.μ. Κερατσίνι, Κάτω Αμφιάλη | 17657681",134τ.μ. Κερατσίνι,Μονοκατοικία,130000,134,1960,134,,77960,123032,218360,263432,property-1117657681.html,https://www.spitogatos.gr/aggelia/1117657681,37.9658,23.6226,2026-10-05 16:55:00,58380,198780,7.5,Υψηλό Ρίσκο (Ενοποίηση & Παλαιότητα),"[""Παλαιά κατασκευή (1960): Προσεισμικός κανονισμός, απαιτείται μελέτη στατικής επάρκειας."", ""Συνένωση ανεξάρτητων μονάδων: Απαιτείται άδεια δόμησης, διάνοιξη πλάκας & στατικές ενισχύσεις."", ""Ολική αντικατάσταση δικτύων: Υψηλή πιθανότητα αφανών ελαττωμάτων σε σωληνώσεις/τοίχους.""]",61.6,B,Ισορροπημένη Επιλογή &bull; Κανονική Σχέση Ρίσκου/Κόστους,#d97706
"Πώληση, Μονοκατοικία, 150τ.μ. Κηφισιά, Νέα Κηφισιά | 15153419 | Spitogatos.webarchive",1115153419,"Πώληση, Μονοκατοικία, 150τ.μ. Κηφισιά, Νέα Κηφισιά | 15153419",150τ.μ. Κηφισιά,Μονοκατοικία,350000,150,1975,150,,79500,125700,457500,503700,property-1115153419.html,https://www.spitogatos.gr/aggelia/1115153419,38.0996,23.8082,2026-10-05 16:55:00,58500,436500,6.0,Μέτριο προς Αυξημένο Ρίσκο,"[""Κατασκευή παλαιότερης εποχής (1975): Ανάγκη ριζικής ανακαίνισης υδραυλικών/ηλεκτρολογικών."", ""Εκτεταμένες καθαιρέσεις: Πιθανότητα απρόβλεπτων σαθρών υποστρωμάτων & πρόσθετου κόστους.""]",42.0,D,Ασύμφορο / High Risk &bull; Υψηλό ρίσκο στατικών/αφανών,#dc2626
"Πώληση, Μονοκατοικία, 150τ.μ. Νίκαια, Μητρόπολη | 19576489 | Spitogatos.webarchive",1119576489,"Πώληση, Μονοκατοικία, 150τ.μ. Νίκαια, Μητρόπολη | 19576489",150τ.μ. Νίκαια,Μονοκατοικία,220000,150,1923,150,,10100,17300,247700,254900,property-1119576489.html,https://www.spitogatos.gr/aggelia/1119576489,37.9684,23.6445,2026-10-05 16:55:00,6300,243900,2.0,Πολύ Χαμηλό Ρίσκο,"[""Πλήρως ανακαινισμένο / Move-in ready: Νέα δίκτυα και σύγχρονες επενδύσεις."", ""Περιορισμένο πεδίο εργασιών: Απαιτείται μόνο τεχνικός έλεγχος & συντήρηση.""]",89.3,A+,Super Deal &bull; Κορυφαία Σχέση Τιμής & Ασφάλειας,#047857
"Πώληση, Μονοκατοικία, 180τ.μ. Νίκαια, Νεάπολη | 20002093 | Spitogatos.webarchive",1120002093,"Πώληση, Μονοκατοικία, 180τ.μ. Νίκαια, Νεάπολη | 20002093",180τ.μ. Νίκαια,Μονοκατοικία,295000,180,1967,180,,98200,155140,416800,473740,property-1120002093.html,https://www.spitogatos.gr/aggelia/1120002093,37.9713,23.6396,2026-10-05 16:55:00,73100,391700,7.5,Υψηλό Ρίσκο (Ενοποίηση & Παλαιότητα),"[""Παλαιά κατασκευή (1967): Προσεισμικός κανονισμός, απαιτείται μελέτη στατικής επάρκειας."", ""Συνένωση ανεξάρτητων μονάδων: Απαιτείται άδεια δόμησης, διάνοιξη πλάκας & στατικές ενισχύσεις."", ""Ολική αντικατάσταση δικτύων: Υψηλή πιθανότητα αφανών ελαττωμάτων σε σωληνώσεις/τοίχους.""]",48.0,C,"Αυξημένο Ρίσκο &bull; Φθηνό φαινομενικά, απαιτεί προσοχή",#ea580c
"Πώληση, Μονοκατοικία, 190τ.μ. Μαρούσι, Κοκκινιά | 16949214 | Spitogatos.webarchive",1116949214,"Πώληση, Μονοκατοικία, 190τ.μ. Μαρούσι, Κοκκινιά | 16949214",190τ.μ. Μαρούσι,Μονοκατοικία,275000,190,1985,190,,102600,162120,399600,459120,property-1116949214.html,https://www.spitogatos.gr/aggelia/1116949214,38.0521,23.7984,2026-10-05 16:55:00,76300,373300,7.5,Υψηλό Ρίσκο (Ενοποίηση & Παλαιότητα),"[""Παλαιά κατασκευή (1985): Προσεισμικός κανονισμός, απαιτείται μελέτη στατικής επάρκειας."", ""Συνένωση ανεξάρτητων μονάδων: Απαιτείται άδεια δόμησης, διάνοιξη πλάκας & στατικές ενισχύσεις."", ""Ολική αντικατάσταση δικτύων: Υψηλή πιθανότητα αφανών ελαττωμάτων σε σωληνώσεις/τοίχους.""]",52.1,C,"Αυξημένο Ρίσκο &bull; Φθηνό φαινομενικά, απαιτεί προσοχή",#ea580c
"Πώληση, Μονοκατοικία, 300τ.μ. Ηράκλειο, Παλαιό Ηράκλειο | 20635764 | Spitogatos.webarchive",1120635764,"Πώληση, Μονοκατοικία, 300τ.μ. Ηράκλειο, Παλαιό Ηράκλειο | 20635764",300τ.μ. Ηράκλειο,Μονοκατοικία,360000,300,1996,300,,70900,117100,459700,505900,property-1120635764.html,https://www.spitogatos.gr/aggelia/1120635764,38.0604,23.7645,2026-10-05 16:55:00,47800,436600,3.0,Χαμηλό Ρίσκο,"[""Σύγχρονη κατασκευή (1996): Σύγχρονος αντισεισμικός κανονισμός & στιβαρός σκελετός."", ""Στοχευμένος εκσυγχρονισμός: Καμία επέμβαση στατικά, μόνο ενεργειακή αναβάθμιση.""]",87.1,A+,Super Deal &bull; Κορυφαία Σχέση Τιμής & Ασφάλειας,#047857
"Πώληση, Συγκρότημα διαμερισμάτων, 190τ.μ. Μαρούσι, Α.Σ.ΠΑΙ.Τ.Ε. | 20288026 | Spitogatos.webarchive",1120288026,"Πώληση, Συγκρότημα διαμερισμάτων, 190τ.μ. Μαρούσι, Α.Σ.ΠΑΙ.Τ.Ε. | 20288026",190τ.μ. Μαρούσι,Συγκρότημα,345000,190,1999,190,,48460,79920,421060,452520,property-1120288026.html,https://www.spitogatos.gr/aggelia/1120288026,38.0524,23.8005,2026-10-05 16:55:00,32950,405550,3.0,Χαμηλό Ρίσκο,"[""Σύγχρονη κατασκευή (1999): Σύγχρονος αντισεισμικός κανονισμός & στιβαρός σκελετός."", ""Στοχευμένος εκσυγχρονισμός: Καμία επέμβαση στατικά, μόνο ενεργειακή αναβάθμιση.""]",73.8,A,Πολύ Καλή Επιλογή &bull; Ισχυρή Αξία & Χαμηλό Ρίσκο,#059669
"Πώληση, Μονοκατοικία, 102τ.μ. Κερατσίνι, Αμφιάλη | 18585218 | Spitogatos.webarchive",1118585218,"Πώληση, Μονοκατοικία, 102τ.μ. Κερατσίνι, Αμφιάλη | 18585218",102τ.μ. Κερατσίνι,Μονοκατοικία,150000,102,1960,102,,58380,92196,220380,254196,property-1118585218.html,https://www.spitogatos.gr/aggelia/1118585218,37.9674,23.6263,2026-10-05 16:55:00,43140,205140,6.0,Μέτριο προς Αυξημένο Ρίσκο,"[""Κατασκευή παλαιότερης εποχής (1960): Ανάγκη ριζικής ανακαίνισης υδραυλικών/ηλεκτρολογικών."", ""Εκτεταμένες καθαιρέσεις: Πιθανότητα απρόβλεπτων σαθρών υποστρωμάτων & πρόσθετου κόστους.""]",59.6,B,Ισορροπημένη Επιλογή &bull; Κανονική Σχέση Ρίσκου/Κόστους,#d97706
"Πώληση, Μονοκατοικία, 120τ.μ. Προάστια Πειραιά, Κερατσίνι | 18121660 | Spitogatos.webarchive",1118121660,"Πώληση, Μονοκατοικία, 120τ.μ. Προάστια Πειραιά, Κερατσίνι | 18121660",120τ.μ. Προάστια Πειραιά,Μονοκατοικία,130000,120,1993,120,,34180,56260,174580,196660,property-1118121660.html,https://www.spitogatos.gr/aggelia/1118121660,37.9579,23.6248,2026-10-05 16:55:00,23500,163900,3.0,Χαμηλό Ρίσκο,"[""Σύγχρονη κατασκευή (1993): Σύγχρονος αντισεισμικός κανονισμός & στιβαρός σκελετός."", ""Στοχευμένος εκσυγχρονισμός: Καμία επέμβαση στατικά, μόνο ενεργειακή αναβάθμιση.""]",88.9,A+,Super Deal &bull; Κορυφαία Σχέση Τιμής & Ασφάλειας,#047857
"Πώληση, Μονοκατοικία, 130τ.μ. Ταμπούρια – Αγία Σοφία, Ταμπούρια | 20840543 | Spitogatos.webarchive",1120840543,"Πώληση, Μονοκατοικία, 130τ.μ. Ταμπούρια – Αγία Σοφία, Ταμπούρια | 20840543",130τ.μ. Ταμπούρια – Αγία Σοφία,Μονοκατοικία,145000,130,1935,130,,70700,111740,227300,268340,property-1120840543.html,https://www.spitogatos.gr/aggelia/1120840543,37.9541,23.6294,2026-10-05 16:55:00,52100,208700,6.0,Μέτριο προς Αυξημένο Ρίσκο,"[""Κατασκευή παλαιότερης εποχής (1935): Ανάγκη ριζικής ανακαίνισης υδραυλικών/ηλεκτρολογικών."", ""Εκτεταμένες καθαιρέσεις: Πιθανότητα απρόβλεπτων σαθρών υποστρωμάτων & πρόσθετου κόστους.""]",67.5,B,Ισορροπημένη Επιλογή &bull; Κανονική Σχέση Ρίσκου/Κόστους,#d97706
"Πώληση, Μονοκατοικία, 150τ.μ. Κερατσίνι, Κοκκινόβραχος | 20173802 | Spitogatos.webarchive",1120173802,"Πώληση, Μονοκατοικία, 150τ.μ. Κερατσίνι, Κοκκινόβραχος | 20173802",150τ.μ. Κερατσίνι,Μονοκατοικία,150000,150,1961,150,,85000,134200,247000,296200,property-1120173802.html,https://www.spitogatos.gr/aggelia/1120173802,37.9637,23.6201,2026-10-05 16:55:00,63500,225500,7.5,Υψηλό Ρίσκο (Ενοποίηση & Παλαιότητα),"[""Παλαιά κατασκευή (1961): Προσεισμικός κανονισμός, απαιτείται μελέτη στατικής επάρκειας."", ""Συνένωση ανεξάρτητων μονάδων: Απαιτείται άδεια δόμησης, διάνοιξη πλάκας & στατικές ενισχύσεις."", ""Ολική αντικατάσταση δικτύων: Υψηλή πιθανότητα αφανών ελαττωμάτων σε σωληνώσεις/τοίχους.""]",61.2,B,Ισορροπημένη Επιλογή &bull; Κανονική Σχέση Ρίσκου/Κόστους,#d97706
"Πώληση, Μονοκατοικία, 110τ.μ. Νίκαια, Μητρόπολη | 17306078 | Spitogatos.webarchive",1117306078,"Πώληση, Μονοκατοικία, 110τ.μ. Νίκαια, Μητρόπολη | 17306078","110τ.μ. Νίκαια, Μητρόπολη",Μονοκατοικία,165000,110,1977,64,"2 ταράτσες, υπόλοιπο υψούν",61900,97780,240100,275980,property-1117306078.html,https://www.spitogatos.gr/aggelia/1117306078,37.9682,23.6448,2026-10-06 20:10:00,45700,223900,6.0,Μέτριο προς Αυξημένο Ρίσκο,"[""Κατασκευή παλαιότερης εποχής (1977): Ανάγκη ριζικής ανακαίνισης υδραυλικών/ηλεκτρολογικών."", ""Εκτεταμένες καθαιρέσεις: Πιθανότητα απρόβλεπτων σαθρών υποστρωμάτων & πρόσθετου κόστους.""]",59.1,B,Ισορροπημένη Επιλογή &bull; Κανονική Σχέση Ρίσκου/Κόστους,#d97706
"Πώληση, Μονοκατοικία, 145τ.μ. Προάστια Πειραιά, Νίκαια | 19754555 | Spitogatos.webarchive",1119754555,"Πώληση, Μονοκατοικία, 145τ.μ. Προάστια Πειραιά, Νίκαια | 19754555","145τ.μ. Προάστια Πειραιά, Νίκαια",Μονοκατοικία,170000,145,1993,75,Πίσω αυλή & δώμα 15τμ,77300,122210,260900,305810,property-1119754555.html,https://www.spitogatos.gr/aggelia/1119754555,37.9705,23.6395,2026-10-06 20:10:00,56900,240500,6.0,Μέτριο προς Αυξημένο Ρίσκο,"[""Κατασκευή παλαιότερης εποχής (1993): Ανάγκη ριζικής ανακαίνισης υδραυλικών/ηλεκτρολογικών."", ""Εκτεταμένες καθαιρέσεις: Πιθανότητα απρόβλεπτων σαθρών υποστρωμάτων & πρόσθετου κόστους.""]",66.5,B,Ισορροπημένη Επιλογή &bull; Κανονική Σχέση Ρίσκου/Κόστους,#d97706
"Πώληση, Μονοκατοικία, 124τ.μ. Κερατσίνι, Ευγένεια | 15010 | XE.webarchive",xe-15010,"Πώληση, Μονοκατοικία, 124τ.μ. Κερατσίνι, Ευγένεια | XE 15010","124τ.μ. Κερατσίνι, Ευγένεια",Μονοκατοικία,160000,124,1963,158,Γωνιακό οικόπεδο 158 τ.μ. με αυλή,73560,116052,246360,288852,property-xe-15010.html,https://www.xe.gr/property/d/poliseis-katoikion/d457608a-be90-49e2-9844-6d56109dacb9/keratsini-limani-160000-124?widget_name=search%20results%20map%20pin,37.9542,23.6194,2026-10-06 21:30:00,55180,227980,7.5,Υψηλό Ρίσκο (Ενοποίηση & Παλαιότητα),"[""Παλαιά κατασκευή (1963): Προσεισμικός κανονισμός, απαιτείται μελέτη στατικής επάρκειας."", ""Συνένωση ανεξάρτητων μονάδων: Απαιτείται άδεια δόμησης, διάνοιξη πλάκας & στατικές ενισχύσεις."", ""Ολική αντικατάσταση δικτύων: Υψηλή πιθανότητα αφανών ελαττωμάτων σε σωληνώσεις/τοίχους.""]",54.6,C,"Αυξημένο Ρίσκο &bull; Φθηνό φαινομενικά, απαιτεί προσοχή",#ea580c
"Πώληση, Διαμέρισμα, 123τ.μ. Κερατσίνι, Αμφιάλη | 8c2069a5 | XE.webarchive",xe-8c2069a5,"Πώληση, Διαμέρισμα, 123τ.μ. Κερατσίνι, Αμφιάλη | XE 8c2069a5","123τ.μ. Κερατσίνι, Αμφιάλη",Διαμέρισμα,170000,123,1971,123,Ημιώροφος με βεράντες & αποθήκη,67620,106854,251220,290454,property-xe-8c2069a5.html,https://www.xe.gr/property/d/poliseis-katoikion/8c2069a5-0009-490f-bc2f-a2de2273c0bd/keratsini-amfialh-170000-123,37.9625,23.6260,2026-10-06 21:50:00,49860,233460,6.0,Μέτριο προς Αυξημένο Ρίσκο,"[""Κατασκευή παλαιότερης εποχής (1971): Ανάγκη ριζικής ανακαίνισης υδραυλικών/ηλεκτρολογικών."", ""Εκτεταμένες καθαιρέσεις: Πιθανότητα απρόβλεπτων σαθρών υποστρωμάτων & πρόσθετου κόστους.""]",61.8,B,Ισορροπημένη Επιλογή &bull; Κανονική Σχέση Ρίσκου/Κόστους,#d97706
"Πώληση, Μεζονέτα, 180τ.μ. Μαρούσι, Σωρός | 18547543 | Spitogatos.webarchive",1118547543,"Πώληση, Μεζονέτα, 180τ.μ. Μαρούσι, Σωρός | 18547543","180τ.μ. Μαρούσι, Σωρός",Μεζονέτα,650000,180,2025,180,Νεόδμητη 4 επιπέδων με ασανσέρ & 2 parking,5500,10000,707500,712000,property-1118547543.html,https://www.spitogatos.gr/aggelia/1118547543,38.0460,23.8150,2026-10-06 21:50:00,3000,705000,1.0,Εξαιρετικά Χαμηλό Ρίσκο,"[""Νεόδμητο / Υπό ανέγερση (2024-2027): Μηδενικό στατικό ρίσκο & εγγύηση κατασκευαστή."", ""Έτοιμο προς παράδοση / Turnkey: Μηδενική πιθανότητα κρυφών οικοδομικών αστοχιών.""]",50.0,C,"Αυξημένο Ρίσκο &bull; Φθηνό φαινομενικά, απαιτεί προσοχή",#ea580c
"Πώληση, Διαμέρισμα (Ημιτελές), 138τ.μ. Μαρούσι, Όριο Βριλησσίων | 9d0e242e | XE.webarchive",xe-9d0e242e,"Πώληση, Διαμέρισμα (Ημιτελές), 138τ.μ. Μαρούσι, Όριο Βριλησσίων | XE 9d0e242e","138τ.μ. Μαρούσι, Όριο Βριλησσίων",Διαμέρισμα (Ημιτελές),150000,138,1989,138,Ημιώροφος σε διπλοκατοικία με κήπο & parking,97006,147820,259006,309820,property-xe-9d0e242e.html,https://www.xe.gr/property/d/poliseis-katoikion/9d0e242e-c5cc-462c-8174-6b8cf2e8f83b/maroysi-orio-vrilhssiwn-150000-138?widget_name=search%20results%20map%20pin,38.042,23.825,2026-10-06 22:10:00,72720,234720,5.5,Μέτριο Ρίσκο (Ημιτελές),"[""Ημιτελής κατασκευή (1989): Απαιτείται στατικός έλεγχος σκυροδέματος/οπλισμού λόγω παλαιότητας σκελετού."", ""Ολοκλήρωση από το μηδέν: Πλήρης εξάρτηση από τεχνικά συνεργεία & επίβλεψη μηχανικού.""]",68.4,B,Ισορροπημένη Επιλογή &bull; Κανονική Σχέση Ρίσκου/Κόστους,#d97706
